"team";"week";"name";"pass";"x";"y";"season";"away_team";"away_score";"home_team";"home_score";"color";"size"
"TB";11;"Tom Brady";"COMPLETE";-14.68844997;0.751778455;2020;"LAR";27;"TB";24;3;3
"TB";11;"Tom Brady";"COMPLETE";13.70296362;-1.342163296;2020;"LAR";27;"TB";24;3;3
"TB";11;"Tom Brady";"COMPLETE";-0.809798906;6.683408247;2020;"LAR";27;"TB";24;3;3
"TB";11;"Tom Brady";"COMPLETE";25.33087352;13.21771907;2020;"LAR";27;"TB";24;3;3
"TB";11;"Tom Brady";"COMPLETE";-21.74452867;12.34366784;2020;"LAR";27;"TB";24;3;3
"TB";11;"Tom Brady";"COMPLETE";8.671005711;-2.894193122;2020;"LAR";27;"TB";24;3;3
"TB";11;"Tom Brady";"COMPLETE";-10.51531287;10.08761682;2020;"LAR";27;"TB";24;3;3
"TB";11;"Tom Brady";"COMPLETE";19.7265816;6.16433045;2020;"LAR";27;"TB";24;3;3
"TB";11;"Tom Brady";"COMPLETE";5.010958937;11.49262055;2020;"LAR";27;"TB";24;3;3
"TB";11;"Tom Brady";"COMPLETE";-17.34008343;16.04826255;2020;"LAR";27;"TB";24;3;3
"TB";11;"Tom Brady";"COMPLETE";-5.503804985;7.286748412;2020;"LAR";27;"TB";24;3;3
"TB";11;"Tom Brady";"COMPLETE";-17.49037703;-0.393387458;2020;"LAR";27;"TB";24;3;3
"TB";11;"Tom Brady";"COMPLETE";-14.01874726;13.80672637;2020;"LAR";27;"TB";24;3;3
"TB";11;"Tom Brady";"COMPLETE";-18.55848949;6.068041872;2020;"LAR";27;"TB";24;3;3
"TB";11;"Tom Brady";"COMPLETE";13.70793627;6.615116108;2020;"LAR";27;"TB";24;3;3
"TB";11;"Tom Brady";"COMPLETE";12.03872845;-4.531626401;2020;"LAR";27;"TB";24;3;3
"TB";11;"Tom Brady";"COMPLETE";8.118081695;6.440435421;2020;"LAR";27;"TB";24;3;3
"TB";11;"Tom Brady";"COMPLETE";-12.73320701;-0.742099389;2020;"LAR";27;"TB";24;3;3
"TB";11;"Tom Brady";"COMPLETE";-2.636468701;5.82215469;2020;"LAR";27;"TB";24;3;3
"TB";11;"Tom Brady";"COMPLETE";-11.61325008;7.248442691;2020;"LAR";27;"TB";24;3;3
"TB";11;"Tom Brady";"COMPLETE";-21.62836357;9.133087536;2020;"LAR";27;"TB";24;3;3
"TB";11;"Tom Brady";"COMPLETE";9.36877418;-2.788043924;2020;"LAR";27;"TB";24;3;3
"TB";11;"Tom Brady";"COMPLETE";-0.067593829;6.846585063;2020;"LAR";27;"TB";24;3;3
"TB";11;"Tom Brady";"COMPLETE";14.71322862;1.102047398;2020;"LAR";27;"TB";24;3;3
"TB";11;"Tom Brady";"TOUCHDOWN";-7.518396188;0.10124292;2020;"LAR";27;"TB";24;4;4
"TB";11;"Tom Brady";"TOUCHDOWN";0.988157577;0.174890351;2020;"LAR";27;"TB";24;4;4
"TB";11;"Tom Brady";"INTERCEPTION";-1.928864946;29.84363839;2020;"LAR";27;"TB";24;1;1
"TB";11;"Tom Brady";"INTERCEPTION";7.847847936;31.41517857;2020;"LAR";27;"TB";24;1;1
"TB";11;"Tom Brady";"INCOMPLETE";17.49375663;2.20333558;2020;"LAR";27;"TB";24;2;2
"TB";11;"Tom Brady";"INCOMPLETE";-22.68027858;9.046626984;2020;"LAR";27;"TB";24;2;2
"TB";11;"Tom Brady";"INCOMPLETE";-5.165935006;-2.813461538;2020;"LAR";27;"TB";24;2;2
"TB";11;"Tom Brady";"INCOMPLETE";-16.6529719;-3.89562212;2020;"LAR";27;"TB";24;2;2
"TB";11;"Tom Brady";"INCOMPLETE";-22.24391294;24.47718254;2020;"LAR";27;"TB";24;2;2
"TB";11;"Tom Brady";"INCOMPLETE";24.53952899;43.92142857;2020;"LAR";27;"TB";24;2;2
"TB";11;"Tom Brady";"INCOMPLETE";-10.13563168;11.16707718;2020;"LAR";27;"TB";24;2;2
"TB";11;"Tom Brady";"INCOMPLETE";2.939473715;3.198214286;2020;"LAR";27;"TB";24;2;2
"TB";11;"Tom Brady";"INCOMPLETE";-17.67690883;41.37105482;2020;"LAR";27;"TB";24;2;2
"TB";11;"Tom Brady";"INCOMPLETE";-25.57839557;41.38480392;2020;"LAR";27;"TB";24;2;2
"TB";11;"Tom Brady";"INCOMPLETE";-26.02590432;14.69095622;2020;"LAR";27;"TB";24;2;2
"TB";11;"Tom Brady";"INCOMPLETE";-13.45817456;4.664779326;2020;"LAR";27;"TB";24;2;2
"TB";11;"Tom Brady";"INCOMPLETE";-6.934287254;15.28617216;2020;"LAR";27;"TB";24;2;2
"TB";11;"Tom Brady";"INCOMPLETE";-20.67937024;8.167389853;2020;"LAR";27;"TB";24;2;2
"TB";11;"Tom Brady";"INCOMPLETE";-25.66531674;7.931234336;2020;"LAR";27;"TB";24;2;2
"TB";11;"Tom Brady";"INCOMPLETE";18.0600628;2.05242674;2020;"LAR";27;"TB";24;2;2
"TB";11;"Tom Brady";"INCOMPLETE";-21.05841845;3.333829365;2020;"LAR";27;"TB";24;2;2
"TB";11;"Tom Brady";"INCOMPLETE";-7.449121435;15.2438076;2020;"LAR";27;"TB";24;2;2
"TB";11;"Tom Brady";"INCOMPLETE";-16.05533779;-3.88064759;2020;"LAR";27;"TB";24;2;2
"TB";11;"Tom Brady";"INCOMPLETE";-5.729906138;-2.85052521;2020;"LAR";27;"TB";24;2;2
"TB";12;"Tom Brady";"COMPLETE";22.16963979;4.139523933;2020;"KC";27;"TB";24;3;3
"TB";12;"Tom Brady";"COMPLETE";3.777621732;5.103073204;2020;"KC";27;"TB";24;3;3
"TB";12;"Tom Brady";"COMPLETE";-12.30740652;-1.22184462;2020;"KC";27;"TB";24;3;3
"TB";12;"Tom Brady";"COMPLETE";15.23720872;5.414035869;2020;"KC";27;"TB";24;3;3
"TB";12;"Tom Brady";"COMPLETE";-6.006617383;39.23362273;2020;"KC";27;"TB";24;3;3
"TB";12;"Tom Brady";"COMPLETE";-1.667032212;23.73910659;2020;"KC";27;"TB";24;3;3
"TB";12;"Tom Brady";"COMPLETE";19.30885753;25.10295759;2020;"KC";27;"TB";24;3;3
"TB";12;"Tom Brady";"COMPLETE";-0.02060706;5.628549169;2020;"KC";27;"TB";24;3;3
"TB";12;"Tom Brady";"COMPLETE";-21.59591658;9.673707898;2020;"KC";27;"TB";24;3;3
"TB";12;"Tom Brady";"COMPLETE";11.22206434;4.836872841;2020;"KC";27;"TB";24;3;3
"TB";12;"Tom Brady";"COMPLETE";10.66909618;-2.908250318;2020;"KC";27;"TB";24;3;3
"TB";12;"Tom Brady";"COMPLETE";12.14090855;10.10291594;2020;"KC";27;"TB";24;3;3
"TB";12;"Tom Brady";"COMPLETE";12.33030006;2.844173825;2020;"KC";27;"TB";24;3;3
"TB";12;"Tom Brady";"COMPLETE";-11.48731088;4.301282051;2020;"KC";27;"TB";24;3;3
"TB";12;"Tom Brady";"COMPLETE";14.96402488;9.527569078;2020;"KC";27;"TB";24;3;3
"TB";12;"Tom Brady";"COMPLETE";-1.366098188;5.945334384;2020;"KC";27;"TB";24;3;3
"TB";12;"Tom Brady";"COMPLETE";-6.533645723;39.25290127;2020;"KC";27;"TB";24;3;3
"TB";12;"Tom Brady";"COMPLETE";3.412742371;7.484625951;2020;"KC";27;"TB";24;3;3
"TB";12;"Tom Brady";"COMPLETE";-11.43399002;-1.413612471;2020;"KC";27;"TB";24;3;3
"TB";12;"Tom Brady";"COMPLETE";22.71915612;5.413384151;2020;"KC";27;"TB";24;3;3
"TB";12;"Tom Brady";"COMPLETE";0.620901546;5.629331683;2020;"KC";27;"TB";24;3;3
"TB";12;"Tom Brady";"COMPLETE";4.606413715;4.279812349;2020;"KC";27;"TB";24;3;3
"TB";12;"Tom Brady";"COMPLETE";14.94670261;4.21298785;2020;"KC";27;"TB";24;3;3
"TB";12;"Tom Brady";"COMPLETE";-10.7473924;-2.019635836;2020;"KC";27;"TB";24;3;3
"TB";12;"Tom Brady";"TOUCHDOWN";1.526722362;0.098843864;2020;"KC";27;"TB";24;4;4
"TB";12;"Tom Brady";"TOUCHDOWN";10.77569214;0.101236264;2020;"KC";27;"TB";24;4;4
"TB";12;"Tom Brady";"TOUCHDOWN";-4.475020278;0.139400922;2020;"KC";27;"TB";24;4;4
"TB";12;"Tom Brady";"INTERCEPTION";-10.37453931;11.1535114;2020;"KC";27;"TB";24;1;1
"TB";12;"Tom Brady";"INTERCEPTION";-23.45151175;22.15558244;2020;"KC";27;"TB";24;1;1
"TB";12;"Tom Brady";"INCOMPLETE";15.94917679;2.159902597;2020;"KC";27;"TB";24;2;2
"TB";12;"Tom Brady";"INCOMPLETE";-19.83379341;8.709242725;2020;"KC";27;"TB";24;2;2
"TB";12;"Tom Brady";"INCOMPLETE";0.488471884;16.01973214;2020;"KC";27;"TB";24;2;2
"TB";12;"Tom Brady";"INCOMPLETE";25.06384665;30.96935328;2020;"KC";27;"TB";24;2;2
"TB";12;"Tom Brady";"INCOMPLETE";6.790758326;9.235394986;2020;"KC";27;"TB";24;2;2
"TB";12;"Tom Brady";"INCOMPLETE";-20.32411536;28.90668203;2020;"KC";27;"TB";24;2;2
"TB";12;"Tom Brady";"INCOMPLETE";-5.130020332;8.663834951;2020;"KC";27;"TB";24;2;2
"TB";12;"Tom Brady";"INCOMPLETE";25.99293362;16.99332923;2020;"KC";27;"TB";24;2;2
"TB";12;"Tom Brady";"INCOMPLETE";-26.2038372;19.47261905;2020;"KC";27;"TB";24;2;2
"TB";12;"Tom Brady";"INCOMPLETE";-1.386386775;4.939360119;2020;"KC";27;"TB";24;2;2
"TB";12;"Tom Brady";"INCOMPLETE";-21.78801014;11.03928571;2020;"KC";27;"TB";24;2;2
"TB";12;"Tom Brady";"INCOMPLETE";7.286555262;8.395026702;2020;"KC";27;"TB";24;2;2
"TB";14;"Tom Brady";"COMPLETE";-20.21044178;9.188667721;2020;"MIN";14;"TB";26;3;3
"TB";14;"Tom Brady";"COMPLETE";4.496864295;9.404406056;2020;"MIN";14;"TB";26;3;3
"TB";14;"Tom Brady";"COMPLETE";-11.18499892;6.784918107;2020;"MIN";14;"TB";26;3;3
"TB";14;"Tom Brady";"COMPLETE";15.39773274;0.520333211;2020;"MIN";14;"TB";26;3;3
"TB";14;"Tom Brady";"COMPLETE";-6.345887133;4.728244078;2020;"MIN";14;"TB";26;3;3
"TB";14;"Tom Brady";"COMPLETE";-24.97272242;26.29496364;2020;"MIN";14;"TB";26;3;3
"TB";14;"Tom Brady";"COMPLETE";11.75170073;16.43328271;2020;"MIN";14;"TB";26;3;3
"TB";14;"Tom Brady";"COMPLETE";-9.795517176;-3.35835549;2020;"MIN";14;"TB";26;3;3
"TB";14;"Tom Brady";"COMPLETE";-1.134944407;4.494953044;2020;"MIN";14;"TB";26;3;3
"TB";14;"Tom Brady";"COMPLETE";13.10650157;0.198472573;2020;"MIN";14;"TB";26;3;3
"TB";14;"Tom Brady";"COMPLETE";-6.830980863;12.16074145;2020;"MIN";14;"TB";26;3;3
"TB";14;"Tom Brady";"COMPLETE";-12.56604227;6.289214585;2020;"MIN";14;"TB";26;3;3
"TB";14;"Tom Brady";"COMPLETE";11.66426784;-0.86952381;2020;"MIN";14;"TB";26;3;3
"TB";14;"Tom Brady";"TOUCHDOWN";5.177102849;0.198660714;2020;"MIN";14;"TB";26;4;4
"TB";14;"Tom Brady";"TOUCHDOWN";-0.891218823;0.098214286;2020;"MIN";14;"TB";26;4;4
"TB";14;"Tom Brady";"INCOMPLETE";-1.810675876;13.65792411;2020;"MIN";14;"TB";26;2;2
"TB";14;"Tom Brady";"INCOMPLETE";-23.00698157;7.469897959;2020;"MIN";14;"TB";26;2;2
"TB";14;"Tom Brady";"INCOMPLETE";8.471624351;5.36287062;2020;"MIN";14;"TB";26;2;2
"TB";14;"Tom Brady";"INCOMPLETE";-9.168233023;3.109183673;2020;"MIN";14;"TB";26;2;2
"TB";14;"Tom Brady";"INCOMPLETE";-17.46820988;28.5625;2020;"MIN";14;"TB";26;2;2
"TB";14;"Tom Brady";"INCOMPLETE";-2.23733791;21.70535714;2020;"MIN";14;"TB";26;2;2
"TB";14;"Tom Brady";"INCOMPLETE";-8.619817716;3.132697044;2020;"MIN";14;"TB";26;2;2
"TB";14;"Tom Brady";"INCOMPLETE";7.944583524;5.334586466;2020;"MIN";14;"TB";26;2;2
"TB";17;"Tom Brady";"COMPLETE";-22.4972964;11.66339574;2020;"ATL";27;"TB";44;3;3
"TB";17;"Tom Brady";"COMPLETE";7.523391172;16.08098051;2020;"ATL";27;"TB";44;3;3
"TB";17;"Tom Brady";"COMPLETE";22.17029117;9.867962414;2020;"ATL";27;"TB";44;3;3
"TB";17;"Tom Brady";"COMPLETE";-4.009867592;-3.987203877;2020;"ATL";27;"TB";44;3;3
"TB";17;"Tom Brady";"COMPLETE";12.06893527;7.167501113;2020;"ATL";27;"TB";44;3;3
"TB";17;"Tom Brady";"COMPLETE";-15.04541476;0.189405778;2020;"ATL";27;"TB";44;3;3
"TB";17;"Tom Brady";"COMPLETE";21.04897342;43.56085334;2020;"ATL";27;"TB";44;3;3
"TB";17;"Tom Brady";"COMPLETE";1.18983438;4.655357143;2020;"ATL";27;"TB";44;3;3
"TB";17;"Tom Brady";"COMPLETE";-4.834372533;18.00581696;2020;"ATL";27;"TB";44;3;3
"TB";17;"Tom Brady";"COMPLETE";14.25258987;-1.183232446;2020;"ATL";27;"TB";44;3;3
"TB";17;"Tom Brady";"COMPLETE";-12.059337;14.37160697;2020;"ATL";27;"TB";44;3;3
"TB";17;"Tom Brady";"COMPLETE";-18.51409038;2.267368862;2020;"ATL";27;"TB";44;3;3
"TB";17;"Tom Brady";"COMPLETE";21.44071796;19.22386869;2020;"ATL";27;"TB";44;3;3
"TB";17;"Tom Brady";"COMPLETE";-1.218675391;6.637699645;2020;"ATL";27;"TB";44;3;3
"TB";17;"Tom Brady";"COMPLETE";2.568177891;-3.727003194;2020;"ATL";27;"TB";44;3;3
"TB";17;"Tom Brady";"COMPLETE";2.017676334;14.77330927;2020;"ATL";27;"TB";44;3;3
"TB";17;"Tom Brady";"COMPLETE";-11.7547666;-1.327934734;2020;"ATL";27;"TB";44;3;3
"TB";17;"Tom Brady";"COMPLETE";13.76840137;-5.789907356;2020;"ATL";27;"TB";44;3;3
"TB";17;"Tom Brady";"COMPLETE";12.5459421;-2.423014348;2020;"ATL";27;"TB";44;3;3
"TB";17;"Tom Brady";"COMPLETE";22.77670315;9.909746741;2020;"ATL";27;"TB";44;3;3
"TB";17;"Tom Brady";"COMPLETE";-17.8770858;2.475879531;2020;"ATL";27;"TB";44;3;3
"TB";17;"Tom Brady";"COMPLETE";-18.68901185;-0.463910398;2020;"ATL";27;"TB";44;3;3
"TB";17;"Tom Brady";"TOUCHDOWN";-5.47675913;0.153214286;2020;"ATL";27;"TB";44;4;4
"TB";17;"Tom Brady";"TOUCHDOWN";21.45982553;30.99175824;2020;"ATL";27;"TB";44;4;4
"TB";17;"Tom Brady";"TOUCHDOWN";6.940984341;0.098214286;2020;"ATL";27;"TB";44;4;4
"TB";17;"Tom Brady";"TOUCHDOWN";-0.161190027;0.166705827;2020;"ATL";27;"TB";44;4;4
"TB";17;"Tom Brady";"INTERCEPTION";-1.296091416;21.15695701;2020;"ATL";27;"TB";44;1;1
"TB";17;"Tom Brady";"INCOMPLETE";10.90236316;4.780523256;2020;"ATL";27;"TB";44;2;2
"TB";17;"Tom Brady";"INCOMPLETE";-25.30718755;27.08550242;2020;"ATL";27;"TB";44;2;2
"TB";17;"Tom Brady";"INCOMPLETE";1.162421854;17.01674107;2020;"ATL";27;"TB";44;2;2
"TB";17;"Tom Brady";"INCOMPLETE";22.04049034;27.63522257;2020;"ATL";27;"TB";44;2;2
"TB";17;"Tom Brady";"INCOMPLETE";19.7522422;9.461309524;2020;"ATL";27;"TB";44;2;2
"TB";17;"Tom Brady";"INCOMPLETE";-2.699419753;-1.28042328;2020;"ATL";27;"TB";44;2;2
"TB";17;"Tom Brady";"INCOMPLETE";15.76254544;32.14603511;2020;"ATL";27;"TB";44;2;2
"TB";17;"Tom Brady";"INCOMPLETE";5.02439265;23.08877551;2020;"ATL";27;"TB";44;2;2
"TB";17;"Tom Brady";"INCOMPLETE";12.968251;12.83890578;2020;"ATL";27;"TB";44;2;2
"TB";17;"Tom Brady";"INCOMPLETE";-26.18690704;35.43852041;2020;"ATL";27;"TB";44;2;2
"TB";17;"Tom Brady";"INCOMPLETE";11.45717656;4.657215251;2020;"ATL";27;"TB";44;2;2
"TB";17;"Tom Brady";"INCOMPLETE";12.41930356;12.90877329;2020;"ATL";27;"TB";44;2;2
"TB";17;"Tom Brady";"INCOMPLETE";19.22152552;9.603011727;2020;"ATL";27;"TB";44;2;2
"TB";17;"Tom Brady";"INCOMPLETE";-2.154096887;-1.336199295;2020;"ATL";27;"TB";44;2;2
"TB";2;"Tom Brady";"COMPLETE";24.27736245;7.756651739;2020;"CAR";17;"TB";31;3;3
"TB";2;"Tom Brady";"COMPLETE";-16.86220522;0.067812172;2020;"CAR";17;"TB";31;3;3
"TB";2;"Tom Brady";"COMPLETE";8.787463522;-5.237768836;2020;"CAR";17;"TB";31;3;3
"TB";2;"Tom Brady";"COMPLETE";2.822527503;9.267805681;2020;"CAR";17;"TB";31;3;3
"TB";2;"Tom Brady";"COMPLETE";-9.521774102;5.1249353;2020;"CAR";17;"TB";31;3;3
"TB";2;"Tom Brady";"COMPLETE";9.094962195;29.83373479;2020;"CAR";17;"TB";31;3;3
"TB";2;"Tom Brady";"COMPLETE";-25.56254714;12.49377521;2020;"CAR";17;"TB";31;3;3
"TB";2;"Tom Brady";"COMPLETE";-3.837963733;23.45692371;2020;"CAR";17;"TB";31;3;3
"TB";2;"Tom Brady";"COMPLETE";15.74499707;-3.699671196;2020;"CAR";17;"TB";31;3;3
"TB";2;"Tom Brady";"COMPLETE";3.275621199;-4.060057924;2020;"CAR";17;"TB";31;3;3
"TB";2;"Tom Brady";"COMPLETE";11.88123087;-5.26100236;2020;"CAR";17;"TB";31;3;3
"TB";2;"Tom Brady";"COMPLETE";-7.318704414;1.286642771;2020;"CAR";17;"TB";31;3;3
"TB";2;"Tom Brady";"COMPLETE";-16.69908167;7.226891852;2020;"CAR";17;"TB";31;3;3
"TB";2;"Tom Brady";"COMPLETE";20.73152352;5.928412157;2020;"CAR";17;"TB";31;3;3
"TB";2;"Tom Brady";"COMPLETE";-8.956534757;-4.876067547;2020;"CAR";17;"TB";31;3;3
"TB";2;"Tom Brady";"COMPLETE";0.303835689;4.358806456;2020;"CAR";17;"TB";31;3;3
"TB";2;"Tom Brady";"COMPLETE";18.43272886;0.243192319;2020;"CAR";17;"TB";31;3;3
"TB";2;"Tom Brady";"COMPLETE";-23.66442373;8.018379657;2020;"CAR";17;"TB";31;3;3
"TB";2;"Tom Brady";"COMPLETE";10.88299386;0.661552779;2020;"CAR";17;"TB";31;3;3
"TB";2;"Tom Brady";"COMPLETE";-18.72963076;5.51470696;2020;"CAR";17;"TB";31;3;3
"TB";2;"Tom Brady";"COMPLETE";-18.29455047;1.11284749;2020;"CAR";17;"TB";31;3;3
"TB";2;"Tom Brady";"COMPLETE";13.2418241;-2.694286073;2020;"CAR";17;"TB";31;3;3
"TB";2;"Tom Brady";"TOUCHDOWN";6.199382471;0.098214286;2020;"CAR";17;"TB";31;4;4
"TB";2;"Tom Brady";"INTERCEPTION";-11.54842393;17.33506098;2020;"CAR";17;"TB";31;1;1
"TB";2;"Tom Brady";"INCOMPLETE";9.039745426;4.067842506;2020;"CAR";17;"TB";31;2;2
"TB";2;"Tom Brady";"INCOMPLETE";-14.05816586;4.572420635;2020;"CAR";17;"TB";31;2;2
"TB";2;"Tom Brady";"INCOMPLETE";22.43802761;21.39579566;2020;"CAR";17;"TB";31;2;2
"TB";2;"Tom Brady";"INCOMPLETE";-25.24667348;26.08835288;2020;"CAR";17;"TB";31;2;2
"TB";2;"Tom Brady";"INCOMPLETE";0.812988148;5.789135514;2020;"CAR";17;"TB";31;2;2
"TB";2;"Tom Brady";"INCOMPLETE";3.933985825;7.098135965;2020;"CAR";17;"TB";31;2;2
"TB";2;"Tom Brady";"INCOMPLETE";-6.157699198;-0.431515957;2020;"CAR";17;"TB";31;2;2
"TB";2;"Tom Brady";"INCOMPLETE";6.446949416;11.50728155;2020;"CAR";17;"TB";31;2;2
"TB";2;"Tom Brady";"INCOMPLETE";22.27650043;14.1861182;2020;"CAR";17;"TB";31;2;2
"TB";2;"Tom Brady";"INCOMPLETE";6.875224881;3.988820528;2020;"CAR";17;"TB";31;2;2
"TB";2;"Tom Brady";"INCOMPLETE";21.17390711;25.4389881;2020;"CAR";17;"TB";31;2;2
"TB";4;"Tom Brady";"COMPLETE";-13.10174711;0.314305986;2020;"LAC";31;"TB";38;3;3
"TB";4;"Tom Brady";"COMPLETE";17.16533963;23.62454348;2020;"LAC";31;"TB";38;3;3
"TB";4;"Tom Brady";"COMPLETE";6.336864975;15.10035582;2020;"LAC";31;"TB";38;3;3
"TB";4;"Tom Brady";"COMPLETE";-22.20644385;13.74722503;2020;"LAC";31;"TB";38;3;3
"TB";4;"Tom Brady";"COMPLETE";14.94033238;7.601069983;2020;"LAC";31;"TB";38;3;3
"TB";4;"Tom Brady";"COMPLETE";17.96411156;43.02476959;2020;"LAC";31;"TB";38;3;3
"TB";4;"Tom Brady";"COMPLETE";-1.02819636;5.261931736;2020;"LAC";31;"TB";38;3;3
"TB";4;"Tom Brady";"COMPLETE";-9.956473879;3.803773661;2020;"LAC";31;"TB";38;3;3
"TB";4;"Tom Brady";"COMPLETE";22.12310286;36.17546229;2020;"LAC";31;"TB";38;3;3
"TB";4;"Tom Brady";"COMPLETE";-13.61583398;6.835666896;2020;"LAC";31;"TB";38;3;3
"TB";4;"Tom Brady";"COMPLETE";11.88356717;-1.884985313;2020;"LAC";31;"TB";38;3;3
"TB";4;"Tom Brady";"COMPLETE";-6.892147167;5.183035714;2020;"LAC";31;"TB";38;3;3
"TB";4;"Tom Brady";"COMPLETE";-13.68965085;-4.381733888;2020;"LAC";31;"TB";38;3;3
"TB";4;"Tom Brady";"COMPLETE";3.83210157;18.0026582;2020;"LAC";31;"TB";38;3;3
"TB";4;"Tom Brady";"COMPLETE";-9.254336746;-2.045559939;2020;"LAC";31;"TB";38;3;3
"TB";4;"Tom Brady";"COMPLETE";5.61855229;8.108088085;2020;"LAC";31;"TB";38;3;3
"TB";4;"Tom Brady";"COMPLETE";8.329458351;10.08409468;2020;"LAC";31;"TB";38;3;3
"TB";4;"Tom Brady";"COMPLETE";-15.48852276;-0.826234106;2020;"LAC";31;"TB";38;3;3
"TB";4;"Tom Brady";"COMPLETE";-11.85885867;5.727885464;2020;"LAC";31;"TB";38;3;3
"TB";4;"Tom Brady";"COMPLETE";-12.44116588;-2.511862632;2020;"LAC";31;"TB";38;3;3
"TB";4;"Tom Brady";"COMPLETE";-20.89861603;12.55252929;2020;"LAC";31;"TB";38;3;3
"TB";4;"Tom Brady";"COMPLETE";-12.54509051;-6.221079193;2020;"LAC";31;"TB";38;3;3
"TB";4;"Tom Brady";"COMPLETE";-9.864286509;-2.268792888;2020;"LAC";31;"TB";38;3;3
"TB";4;"Tom Brady";"COMPLETE";-14.27560171;7.064006837;2020;"LAC";31;"TB";38;3;3
"TB";4;"Tom Brady";"COMPLETE";-9.248459892;3.029938776;2020;"LAC";31;"TB";38;3;3
"TB";4;"Tom Brady";"TOUCHDOWN";7.284568841;0.098214286;2020;"LAC";31;"TB";38;4;4
"TB";4;"Tom Brady";"TOUCHDOWN";-7.491538324;0.167065538;2020;"LAC";31;"TB";38;4;4
"TB";4;"Tom Brady";"TOUCHDOWN";11.43833848;0.108178054;2020;"LAC";31;"TB";38;4;4
"TB";4;"Tom Brady";"TOUCHDOWN";0.489294647;0.18375576;2020;"LAC";31;"TB";38;4;4
"TB";4;"Tom Brady";"TOUCHDOWN";-4.405521739;0.098214286;2020;"LAC";31;"TB";38;4;4
"TB";4;"Tom Brady";"INTERCEPTION";-19.89705282;11.31273496;2020;"LAC";31;"TB";38;1;1
"TB";4;"Tom Brady";"INCOMPLETE";10.92403857;3.534940945;2020;"LAC";31;"TB";38;2;2
"TB";4;"Tom Brady";"INCOMPLETE";-3.656404682;3.410302198;2020;"LAC";31;"TB";38;2;2
"TB";4;"Tom Brady";"INCOMPLETE";25.11520515;31.54202586;2020;"LAC";31;"TB";38;2;2
"TB";4;"Tom Brady";"INCOMPLETE";-18.33057729;2.221153846;2020;"LAC";31;"TB";38;2;2
"TB";4;"Tom Brady";"INCOMPLETE";2.798536836;16.12760417;2020;"LAC";31;"TB";38;2;2
"TB";4;"Tom Brady";"INCOMPLETE";20.54341103;0.592239527;2020;"LAC";31;"TB";38;2;2
"TB";4;"Tom Brady";"INCOMPLETE";9.955732884;32.71721059;2020;"LAC";31;"TB";38;2;2
"TB";4;"Tom Brady";"INCOMPLETE";19.59966681;10.2057864;2020;"LAC";31;"TB";38;2;2
"TB";4;"Tom Brady";"INCOMPLETE";9.200253106;18.55782313;2020;"LAC";31;"TB";38;2;2
"TB";4;"Tom Brady";"INCOMPLETE";3.183747492;5.138873626;2020;"LAC";31;"TB";38;2;2
"TB";4;"Tom Brady";"INCOMPLETE";-3.668571958;12.94258721;2020;"LAC";31;"TB";38;2;2
"TB";4;"Tom Brady";"INCOMPLETE";1.580463875;12.41110819;2020;"LAC";31;"TB";38;2;2
"TB";4;"Tom Brady";"INCOMPLETE";25.84512134;35.3282563;2020;"LAC";31;"TB";38;2;2
"TB";4;"Tom Brady";"INCOMPLETE";-18.91597638;2.120701058;2020;"LAC";31;"TB";38;2;2
"TB";4;"Tom Brady";"INCOMPLETE";-3.081364663;3.415835084;2020;"LAC";31;"TB";38;2;2
"TB";6;"Tom Brady";"COMPLETE";-18.26479415;0.693810141;2020;"GB";10;"TB";38;3;3
"TB";6;"Tom Brady";"COMPLETE";14.47463753;-1.812391556;2020;"GB";10;"TB";38;3;3
"TB";6;"Tom Brady";"COMPLETE";-7.037950176;5.133972598;2020;"GB";10;"TB";38;3;3
"TB";6;"Tom Brady";"COMPLETE";21.26521556;16.66347858;2020;"GB";10;"TB";38;3;3
"TB";6;"Tom Brady";"COMPLETE";11.68848037;20.86893873;2020;"GB";10;"TB";38;3;3
"TB";6;"Tom Brady";"COMPLETE";3.185479096;7.161734947;2020;"GB";10;"TB";38;3;3
"TB";6;"Tom Brady";"COMPLETE";-12.29524535;0.055462185;2020;"GB";10;"TB";38;3;3
"TB";6;"Tom Brady";"COMPLETE";10.8210006;-1.359052334;2020;"GB";10;"TB";38;3;3
"TB";6;"Tom Brady";"COMPLETE";-10.22283901;-4.953010254;2020;"GB";10;"TB";38;3;3
"TB";6;"Tom Brady";"COMPLETE";-18.7580558;6.375388199;2020;"GB";10;"TB";38;3;3
"TB";6;"Tom Brady";"COMPLETE";-10.79376486;5.268194242;2020;"GB";10;"TB";38;3;3
"TB";6;"Tom Brady";"COMPLETE";-16.48957921;2.735303332;2020;"GB";10;"TB";38;3;3
"TB";6;"Tom Brady";"COMPLETE";-19.56514661;6.640769944;2020;"GB";10;"TB";38;3;3
"TB";6;"Tom Brady";"COMPLETE";12.59747021;17.82952658;2020;"GB";10;"TB";38;3;3
"TB";6;"Tom Brady";"COMPLETE";9.514997674;-2.41800132;2020;"GB";10;"TB";38;3;3
"TB";6;"Tom Brady";"TOUCHDOWN";6.199382471;0.098214286;2020;"GB";10;"TB";38;4;4
"TB";6;"Tom Brady";"TOUCHDOWN";-1.673868308;0.131493506;2020;"GB";10;"TB";38;4;4
"TB";6;"Tom Brady";"INCOMPLETE";-20.13538742;1.289939413;2020;"GB";10;"TB";38;2;2
"TB";6;"Tom Brady";"INCOMPLETE";-0.851455453;3.949502342;2020;"GB";10;"TB";38;2;2
"TB";6;"Tom Brady";"INCOMPLETE";16.37121167;20.61336936;2020;"GB";10;"TB";38;2;2
"TB";6;"Tom Brady";"INCOMPLETE";-16.85607038;28.09870352;2020;"GB";10;"TB";38;2;2
"TB";6;"Tom Brady";"INCOMPLETE";-23.21746568;40.90366541;2020;"GB";10;"TB";38;2;2
"TB";6;"Tom Brady";"INCOMPLETE";-20.16583248;10.49448529;2020;"GB";10;"TB";38;2;2
"TB";6;"Tom Brady";"INCOMPLETE";-17.28980393;5.262514637;2020;"GB";10;"TB";38;2;2
"TB";6;"Tom Brady";"INCOMPLETE";-23.63263727;7.493658211;2020;"GB";10;"TB";38;2;2
"TB";6;"Tom Brady";"INCOMPLETE";-2.981826164;10.8599924;2020;"GB";10;"TB";38;2;2
"TB";6;"Tom Brady";"INCOMPLETE";-0.284316253;3.961894133;2020;"GB";10;"TB";38;2;2
"TB";9;"Tom Brady";"COMPLETE";19.55425316;12.3517709;2020;"NO";38;"TB";3;3;3
"TB";9;"Tom Brady";"COMPLETE";-16.82774543;-1.457197802;2020;"NO";38;"TB";3;3;3
"TB";9;"Tom Brady";"COMPLETE";8.924721922;12.68674173;2020;"NO";38;"TB";3;3;3
"TB";9;"Tom Brady";"COMPLETE";-10.68346686;8.922327021;2020;"NO";38;"TB";3;3;3
"TB";9;"Tom Brady";"COMPLETE";-24.69505729;4.699925675;2020;"NO";38;"TB";3;3;3
"TB";9;"Tom Brady";"COMPLETE";-0.478825118;14.23581933;2020;"NO";38;"TB";3;3;3
"TB";9;"Tom Brady";"COMPLETE";10.26950529;-5.25641714;2020;"NO";38;"TB";3;3;3
"TB";9;"Tom Brady";"COMPLETE";-5.758290171;5.062418502;2020;"NO";38;"TB";3;3;3
"TB";9;"Tom Brady";"COMPLETE";-19.92334972;12.80854739;2020;"NO";38;"TB";3;3;3
"TB";9;"Tom Brady";"COMPLETE";-10.06946991;-4.447577172;2020;"NO";38;"TB";3;3;3
"TB";9;"Tom Brady";"COMPLETE";-20.99233782;-1.954093666;2020;"NO";38;"TB";3;3;3
"TB";9;"Tom Brady";"COMPLETE";-9.050348788;13.30470867;2020;"NO";38;"TB";3;3;3
"TB";9;"Tom Brady";"COMPLETE";11.85827794;16.16219161;2020;"NO";38;"TB";3;3;3
"TB";9;"Tom Brady";"COMPLETE";13.75081366;0.179407581;2020;"NO";38;"TB";3;3;3
"TB";9;"Tom Brady";"COMPLETE";-13.15771763;6.021430508;2020;"NO";38;"TB";3;3;3
"TB";9;"Tom Brady";"COMPLETE";-9.988325328;19.37232678;2020;"NO";38;"TB";3;3;3
"TB";9;"Tom Brady";"COMPLETE";-7.076135554;-0.400144009;2020;"NO";38;"TB";3;3;3
"TB";9;"Tom Brady";"COMPLETE";-20.04094477;2.66398561;2020;"NO";38;"TB";3;3;3
"TB";9;"Tom Brady";"COMPLETE";-9.074241509;9.172205438;2020;"NO";38;"TB";3;3;3
"TB";9;"Tom Brady";"COMPLETE";-23.57109123;-1.891701681;2020;"NO";38;"TB";3;3;3
"TB";9;"Tom Brady";"COMPLETE";-13.77009578;1.272646018;2020;"NO";38;"TB";3;3;3
"TB";9;"Tom Brady";"COMPLETE";8.092971639;11.98690028;2020;"NO";38;"TB";3;3;3
"TB";9;"Tom Brady";"INTERCEPTION";22.79952889;29.85838608;2020;"NO";38;"TB";3;1;1
"TB";9;"Tom Brady";"INTERCEPTION";-11.55933565;-4.211136153;2020;"NO";38;"TB";3;1;1
"TB";9;"Tom Brady";"INTERCEPTION";-9.044245627;14.48491379;2020;"NO";38;"TB";3;1;1
"TB";9;"Tom Brady";"INCOMPLETE";22.9572339;21.57576885;2020;"NO";38;"TB";3;2;2
"TB";9;"Tom Brady";"INCOMPLETE";-10.62589125;5.594494048;2020;"NO";38;"TB";3;2;2
"TB";9;"Tom Brady";"INCOMPLETE";3.721882711;7.84323641;2020;"NO";38;"TB";3;2;2
"TB";9;"Tom Brady";"INCOMPLETE";-22.83233248;5.754201681;2020;"NO";38;"TB";3;2;2
"TB";9;"Tom Brady";"INCOMPLETE";-0.206864024;45.81407563;2020;"NO";38;"TB";3;2;2
"TB";9;"Tom Brady";"INCOMPLETE";23.60100932;9.012329932;2020;"NO";38;"TB";3;2;2
"TB";9;"Tom Brady";"INCOMPLETE";-25.04835386;21.78856647;2020;"NO";38;"TB";3;2;2
"TB";9;"Tom Brady";"INCOMPLETE";16.27724348;21.1475;2020;"NO";38;"TB";3;2;2
"TB";9;"Tom Brady";"INCOMPLETE";7.83409971;3.564785714;2020;"NO";38;"TB";3;2;2
"TB";9;"Tom Brady";"INCOMPLETE";4.115684783;32.01392857;2020;"NO";38;"TB";3;2;2
"TB";9;"Tom Brady";"INCOMPLETE";21.82752187;4.928154206;2020;"NO";38;"TB";3;2;2
"TB";9;"Tom Brady";"INCOMPLETE";24.43218196;11.36111111;2020;"NO";38;"TB";3;2;2
"TB";9;"Tom Brady";"INCOMPLETE";24.19231918;8.813598901;2020;"NO";38;"TB";3;2;2
"TB";1;"Tom Brady";"COMPLETE";10.65261698;10.93109317;2020;"TB";23;"NO";34;3;3
"TB";1;"Tom Brady";"COMPLETE";-10.38734973;6.873011857;2020;"TB";23;"NO";34;3;3
"TB";1;"Tom Brady";"COMPLETE";-18.33039857;1.847623494;2020;"TB";23;"NO";34;3;3
"TB";1;"Tom Brady";"COMPLETE";22.27363103;10.8275505;2020;"TB";23;"NO";34;3;3
"TB";1;"Tom Brady";"COMPLETE";-1.385278109;14.21661849;2020;"TB";23;"NO";34;3;3
"TB";1;"Tom Brady";"COMPLETE";-15.00602118;35.11907224;2020;"TB";23;"NO";34;3;3
"TB";1;"Tom Brady";"COMPLETE";12.29525118;0.188093412;2020;"TB";23;"NO";34;3;3
"TB";1;"Tom Brady";"COMPLETE";21.99428042;26.91757114;2020;"TB";23;"NO";34;3;3
"TB";1;"Tom Brady";"COMPLETE";-14.49298907;-1.949983634;2020;"TB";23;"NO";34;3;3
"TB";1;"Tom Brady";"COMPLETE";5.241290974;8.477262144;2020;"TB";23;"NO";34;3;3
"TB";1;"Tom Brady";"COMPLETE";-1.050237573;1.938582827;2020;"TB";23;"NO";34;3;3
"TB";1;"Tom Brady";"COMPLETE";19.46677771;6.256029685;2020;"TB";23;"NO";34;3;3
"TB";1;"Tom Brady";"COMPLETE";-8.595021432;-3.435137457;2020;"TB";23;"NO";34;3;3
"TB";1;"Tom Brady";"COMPLETE";-7.795300203;3.83075;2020;"TB";23;"NO";34;3;3
"TB";1;"Tom Brady";"COMPLETE";-15.59011045;3.273876817;2020;"TB";23;"NO";34;3;3
"TB";1;"Tom Brady";"COMPLETE";-12.34527984;-1.987436224;2020;"TB";23;"NO";34;3;3
"TB";1;"Tom Brady";"COMPLETE";12.10561059;5.859135922;2020;"TB";23;"NO";34;3;3
"TB";1;"Tom Brady";"COMPLETE";-19.97666718;5.973958333;2020;"TB";23;"NO";34;3;3
"TB";1;"Tom Brady";"COMPLETE";13.02011353;-3.967350884;2020;"TB";23;"NO";34;3;3
"TB";1;"Tom Brady";"COMPLETE";9.631061003;12.37572828;2020;"TB";23;"NO";34;3;3
"TB";1;"Tom Brady";"COMPLETE";20.28687798;6.366415325;2020;"TB";23;"NO";34;3;3
"TB";1;"Tom Brady";"TOUCHDOWN";6.199382471;0.098214286;2020;"TB";23;"NO";34;4;4
"TB";1;"Tom Brady";"TOUCHDOWN";-3.530706664;0.151172969;2020;"TB";23;"NO";34;4;4
"TB";1;"Tom Brady";"INTERCEPTION";21.28133559;4.47841676;2020;"TB";23;"NO";34;1;1
"TB";1;"Tom Brady";"INTERCEPTION";-2.277680989;23.70438848;2020;"TB";23;"NO";34;1;1
"TB";1;"Tom Brady";"INCOMPLETE";-9.870133238;2.734248652;2020;"TB";23;"NO";34;2;2
"TB";1;"Tom Brady";"INCOMPLETE";24.99360688;18.37220982;2020;"TB";23;"NO";34;2;2
"TB";1;"Tom Brady";"INCOMPLETE";-23.59833801;3.734254992;2020;"TB";23;"NO";34;2;2
"TB";1;"Tom Brady";"INCOMPLETE";-1.29636166;16.90513393;2020;"TB";23;"NO";34;2;2
"TB";1;"Tom Brady";"INCOMPLETE";-24.10033461;22.86136583;2020;"TB";23;"NO";34;2;2
"TB";1;"Tom Brady";"INCOMPLETE";4.82650478;10.92059271;2020;"TB";23;"NO";34;2;2
"TB";1;"Tom Brady";"INCOMPLETE";-3.765898644;5.486149267;2020;"TB";23;"NO";34;2;2
"TB";1;"Tom Brady";"INCOMPLETE";-1.418496164;27.42104342;2020;"TB";23;"NO";34;2;2
"TB";1;"Tom Brady";"INCOMPLETE";-11.5896682;2.729250503;2020;"TB";23;"NO";34;2;2
"TB";1;"Tom Brady";"INCOMPLETE";-23.01520129;3.789434524;2020;"TB";23;"NO";34;2;2
"TB";1;"Tom Brady";"INCOMPLETE";-4.321607039;5.390561224;2020;"TB";23;"NO";34;2;2
"TB";10;"Tom Brady";"COMPLETE";-8.841445243;6.239770327;2020;"TB";46;"CAR";23;3;3
"TB";10;"Tom Brady";"COMPLETE";17.14067703;-2.511696337;2020;"TB";46;"CAR";23;3;3
"TB";10;"Tom Brady";"COMPLETE";-22.7598857;16.27517335;2020;"TB";46;"CAR";23;3;3
"TB";10;"Tom Brady";"COMPLETE";9.5615085;18.43599398;2020;"TB";46;"CAR";23;3;3
"TB";10;"Tom Brady";"COMPLETE";4.099628087;5.763320997;2020;"TB";46;"CAR";23;3;3
"TB";10;"Tom Brady";"COMPLETE";24.16332343;12.5660176;2020;"TB";46;"CAR";23;3;3
"TB";10;"Tom Brady";"COMPLETE";-15.45892619;-1.124760924;2020;"TB";46;"CAR";23;3;3
"TB";10;"Tom Brady";"COMPLETE";1.274846615;4.902857143;2020;"TB";46;"CAR";23;3;3
"TB";10;"Tom Brady";"COMPLETE";-16.47645508;19.36984178;2020;"TB";46;"CAR";23;3;3
"TB";10;"Tom Brady";"COMPLETE";-19.44839877;4.700501253;2020;"TB";46;"CAR";23;3;3
"TB";10;"Tom Brady";"COMPLETE";-11.66641762;-0.660207186;2020;"TB";46;"CAR";23;3;3
"TB";10;"Tom Brady";"COMPLETE";12.78993683;17.72978617;2020;"TB";46;"CAR";23;3;3
"TB";10;"Tom Brady";"COMPLETE";0.188888117;14.82977195;2020;"TB";46;"CAR";23;3;3
"TB";10;"Tom Brady";"COMPLETE";17.93366168;5.350805841;2020;"TB";46;"CAR";23;3;3
"TB";10;"Tom Brady";"COMPLETE";-24.58057711;9.164466614;2020;"TB";46;"CAR";23;3;3
"TB";10;"Tom Brady";"COMPLETE";-1.06310747;2.222906716;2020;"TB";46;"CAR";23;3;3
"TB";10;"Tom Brady";"COMPLETE";12.47055009;10.24560041;2020;"TB";46;"CAR";23;3;3
"TB";10;"Tom Brady";"COMPLETE";-12.30029781;4.604499646;2020;"TB";46;"CAR";23;3;3
"TB";10;"Tom Brady";"COMPLETE";23.66731297;8.654888393;2020;"TB";46;"CAR";23;3;3
"TB";10;"Tom Brady";"COMPLETE";17.5708353;0.447952962;2020;"TB";46;"CAR";23;3;3
"TB";10;"Tom Brady";"COMPLETE";22.82332737;8.968828839;2020;"TB";46;"CAR";23;3;3
"TB";10;"Tom Brady";"COMPLETE";2.310365968;2.550212805;2020;"TB";46;"CAR";23;3;3
"TB";10;"Tom Brady";"COMPLETE";-10.55693543;-0.51313933;2020;"TB";46;"CAR";23;3;3
"TB";10;"Tom Brady";"COMPLETE";15.33814793;-1.299473819;2020;"TB";46;"CAR";23;3;3
"TB";10;"Tom Brady";"COMPLETE";-17.06870571;19.42848989;2020;"TB";46;"CAR";23;3;3
"TB";10;"Tom Brady";"TOUCHDOWN";11.65567244;0.098214286;2020;"TB";46;"CAR";23;4;4
"TB";10;"Tom Brady";"TOUCHDOWN";-3.104475845;0.159598214;2020;"TB";46;"CAR";23;4;4
"TB";10;"Tom Brady";"TOUCHDOWN";3.189836127;0.181045611;2020;"TB";46;"CAR";23;4;4
"TB";10;"Tom Brady";"INCOMPLETE";12.13876474;6.41722155;2020;"TB";46;"CAR";23;2;2
"TB";10;"Tom Brady";"INCOMPLETE";-15.17853846;4.313873626;2020;"TB";46;"CAR";23;2;2
"TB";10;"Tom Brady";"INCOMPLETE";3.510743032;39.56524725;2020;"TB";46;"CAR";23;2;2
"TB";10;"Tom Brady";"INCOMPLETE";-5.698838647;0.359391534;2020;"TB";46;"CAR";23;2;2
"TB";10;"Tom Brady";"INCOMPLETE";-22.81841587;20.40222125;2020;"TB";46;"CAR";23;2;2
"TB";10;"Tom Brady";"INCOMPLETE";4.498181736;13.5703125;2020;"TB";46;"CAR";23;2;2
"TB";10;"Tom Brady";"INCOMPLETE";-7.20856715;11.36011905;2020;"TB";46;"CAR";23;2;2
"TB";10;"Tom Brady";"INCOMPLETE";-1.316900223;46.88976648;2020;"TB";46;"CAR";23;2;2
"TB";10;"Tom Brady";"INCOMPLETE";9.461106366;10.4510523;2020;"TB";46;"CAR";23;2;2
"TB";10;"Tom Brady";"INCOMPLETE";-15.74007899;4.215357143;2020;"TB";46;"CAR";23;2;2
"TB";10;"Tom Brady";"INCOMPLETE";8.158373591;8.719246032;2020;"TB";46;"CAR";23;2;2
"TB";15;"Tom Brady";"COMPLETE";7.91762853;10.57980486;2020;"TB";31;"ATL";27;3;3
"TB";15;"Tom Brady";"COMPLETE";-12.19211309;4.356957232;2020;"TB";31;"ATL";27;3;3
"TB";15;"Tom Brady";"COMPLETE";22.43352698;11.38083308;2020;"TB";31;"ATL";27;3;3
"TB";15;"Tom Brady";"COMPLETE";13.99552097;-0.961617406;2020;"TB";31;"ATL";27;3;3
"TB";15;"Tom Brady";"COMPLETE";2.461060805;10.43710937;2020;"TB";31;"ATL";27;3;3
"TB";15;"Tom Brady";"COMPLETE";-4.790725743;5.966069511;2020;"TB";31;"ATL";27;3;3
"TB";15;"Tom Brady";"COMPLETE";-22.46679552;12.91010552;2020;"TB";31;"ATL";27;3;3
"TB";15;"Tom Brady";"COMPLETE";24.62412151;26.10674157;2020;"TB";31;"ATL";27;3;3
"TB";15;"Tom Brady";"COMPLETE";-5.461509719;16.1912291;2020;"TB";31;"ATL";27;3;3
"TB";15;"Tom Brady";"COMPLETE";7.228266511;1.113324864;2020;"TB";31;"ATL";27;3;3
"TB";15;"Tom Brady";"COMPLETE";-10.85508021;-5.565599382;2020;"TB";31;"ATL";27;3;3
"TB";15;"Tom Brady";"COMPLETE";-15.18900395;-0.337695695;2020;"TB";31;"ATL";27;3;3
"TB";15;"Tom Brady";"COMPLETE";18.68678714;10.01843887;2020;"TB";31;"ATL";27;3;3
"TB";15;"Tom Brady";"COMPLETE";21.02891683;5.786303908;2020;"TB";31;"ATL";27;3;3
"TB";15;"Tom Brady";"COMPLETE";-2.864225453;22.81283168;2020;"TB";31;"ATL";27;3;3
"TB";15;"Tom Brady";"COMPLETE";9.963727065;2.487770777;2020;"TB";31;"ATL";27;3;3
"TB";15;"Tom Brady";"COMPLETE";16.94885164;-1.454666077;2020;"TB";31;"ATL";27;3;3
"TB";15;"Tom Brady";"COMPLETE";10.83875883;-4.087612708;2020;"TB";31;"ATL";27;3;3
"TB";15;"Tom Brady";"COMPLETE";1.210558535;6.232000076;2020;"TB";31;"ATL";27;3;3
"TB";15;"Tom Brady";"COMPLETE";-7.240817113;5.834585452;2020;"TB";31;"ATL";27;3;3
"TB";15;"Tom Brady";"COMPLETE";9.250385179;10.92232664;2020;"TB";31;"ATL";27;3;3
"TB";15;"Tom Brady";"COMPLETE";-12.48305552;-1.447242727;2020;"TB";31;"ATL";27;3;3
"TB";15;"Tom Brady";"COMPLETE";16.02655519;2.326474778;2020;"TB";31;"ATL";27;3;3
"TB";15;"Tom Brady";"COMPLETE";12.76358334;1.834296218;2020;"TB";31;"ATL";27;3;3
"TB";15;"Tom Brady";"COMPLETE";-13.58964412;1.371983482;2020;"TB";31;"ATL";27;3;3
"TB";15;"Tom Brady";"COMPLETE";-12.2766347;-4.514186508;2020;"TB";31;"ATL";27;3;3
"TB";15;"Tom Brady";"COMPLETE";-15.04290726;3.105323021;2020;"TB";31;"ATL";27;3;3
"TB";15;"Tom Brady";"COMPLETE";6.672431551;10.70400462;2020;"TB";31;"ATL";27;3;3
"TB";15;"Tom Brady";"COMPLETE";-14.38348965;2.223214286;2020;"TB";31;"ATL";27;3;3
"TB";15;"Tom Brady";"TOUCHDOWN";0.316591137;0.151098901;2020;"TB";31;"ATL";27;4;4
"TB";15;"Tom Brady";"TOUCHDOWN";-7.178773569;0.106966054;2020;"TB";31;"ATL";27;4;4
"TB";15;"Tom Brady";"INCOMPLETE";15.02886175;1.832908163;2020;"TB";31;"ATL";27;2;2
"TB";15;"Tom Brady";"INCOMPLETE";-17.75652197;17.79036854;2020;"TB";31;"ATL";27;2;2
"TB";15;"Tom Brady";"INCOMPLETE";4.025283256;-3.190210459;2020;"TB";31;"ATL";27;2;2
"TB";15;"Tom Brady";"INCOMPLETE";8.689213707;15.0500908;2020;"TB";31;"ATL";27;2;2
"TB";15;"Tom Brady";"INCOMPLETE";24.77098743;10.63221884;2020;"TB";31;"ATL";27;2;2
"TB";15;"Tom Brady";"INCOMPLETE";1.539613913;48.90285714;2020;"TB";31;"ATL";27;2;2
"TB";15;"Tom Brady";"INCOMPLETE";12.80548511;13.17042779;2020;"TB";31;"ATL";27;2;2
"TB";15;"Tom Brady";"INCOMPLETE";3.677353931;4.402629359;2020;"TB";31;"ATL";27;2;2
"TB";15;"Tom Brady";"INCOMPLETE";12.43600431;-0.099060961;2020;"TB";31;"ATL";27;2;2
"TB";15;"Tom Brady";"INCOMPLETE";-20.72527464;20.315625;2020;"TB";31;"ATL";27;2;2
"TB";15;"Tom Brady";"INCOMPLETE";17.55689464;4.2625;2020;"TB";31;"ATL";27;2;2
"TB";15;"Tom Brady";"INCOMPLETE";1.505005233;10.08333333;2020;"TB";31;"ATL";27;2;2
"TB";15;"Tom Brady";"INCOMPLETE";4.585581621;-3.188186813;2020;"TB";31;"ATL";27;2;2
"TB";15;"Tom Brady";"INCOMPLETE";8.101795396;15.10766807;2020;"TB";31;"ATL";27;2;2
"TB";16;"Tom Brady";"COMPLETE";-12.39799904;14.13072059;2020;"TB";47;"DET";7;3;3
"TB";16;"Tom Brady";"COMPLETE";17.65583496;1.729484085;2020;"TB";47;"DET";7;3;3
"TB";16;"Tom Brady";"COMPLETE";7.259877549;12.15547013;2020;"TB";47;"DET";7;3;3
"TB";16;"Tom Brady";"COMPLETE";-19.39627782;29.35723784;2020;"TB";47;"DET";7;3;3
"TB";16;"Tom Brady";"COMPLETE";-4.067936912;16.31713481;2020;"TB";47;"DET";7;3;3
"TB";16;"Tom Brady";"COMPLETE";-14.81495893;-1.216225468;2020;"TB";47;"DET";7;3;3
"TB";16;"Tom Brady";"COMPLETE";2.297110197;40.53861004;2020;"TB";47;"DET";7;3;3
"TB";16;"Tom Brady";"COMPLETE";-4.422352218;4.32464392;2020;"TB";47;"DET";7;3;3
"TB";16;"Tom Brady";"COMPLETE";-0.5751538;6.61130137;2020;"TB";47;"DET";7;3;3
"TB";16;"Tom Brady";"COMPLETE";22.12981947;14.26824339;2020;"TB";47;"DET";7;3;3
"TB";16;"Tom Brady";"COMPLETE";-21.16654044;21.79058851;2020;"TB";47;"DET";7;3;3
"TB";16;"Tom Brady";"COMPLETE";-9.791362762;7.541654519;2020;"TB";47;"DET";7;3;3
"TB";16;"Tom Brady";"COMPLETE";13.59302219;0.224169263;2020;"TB";47;"DET";7;3;3
"TB";16;"Tom Brady";"COMPLETE";-19.9845124;10.54769737;2020;"TB";47;"DET";7;3;3
"TB";16;"Tom Brady";"COMPLETE";-4.40292678;12.10176542;2020;"TB";47;"DET";7;3;3
"TB";16;"Tom Brady";"COMPLETE";-9.45307819;3.599672816;2020;"TB";47;"DET";7;3;3
"TB";16;"Tom Brady";"COMPLETE";0.836263715;6.289292944;2020;"TB";47;"DET";7;3;3
"TB";16;"Tom Brady";"COMPLETE";-14.54937516;0.944727891;2020;"TB";47;"DET";7;3;3
"TB";16;"Tom Brady";"TOUCHDOWN";7.573025621;0.098214286;2020;"TB";47;"DET";7;4;4
"TB";16;"Tom Brady";"TOUCHDOWN";-6.672690821;0.13772578;2020;"TB";47;"DET";7;4;4
"TB";16;"Tom Brady";"TOUCHDOWN";-2.301243104;0.155241935;2020;"TB";47;"DET";7;4;4
"TB";16;"Tom Brady";"TOUCHDOWN";3.582936853;0.212463557;2020;"TB";47;"DET";7;4;4
"TB";16;"Tom Brady";"INCOMPLETE";15.09770056;0.177419355;2020;"TB";47;"DET";7;2;2
"TB";16;"Tom Brady";"INCOMPLETE";-26.61846835;15.15306122;2020;"TB";47;"DET";7;2;2
"TB";16;"Tom Brady";"INCOMPLETE";1.425568438;37.37053571;2020;"TB";47;"DET";7;2;2
"TB";16;"Tom Brady";"INCOMPLETE";-21.47611338;44.92485119;2020;"TB";47;"DET";7;2;2
"TB";16;"Tom Brady";"INCOMPLETE";15.62643875;0.130440848;2020;"TB";47;"DET";7;2;2
"TB";18;"Tom Brady";"COMPLETE";-0.652523552;12.80391049;2020;"TB";31;"WAS";23;3;3
"TB";18;"Tom Brady";"COMPLETE";19.60971394;18.48888909;2020;"TB";31;"WAS";23;3;3
"TB";18;"Tom Brady";"COMPLETE";-19.61438853;0.595632188;2020;"TB";31;"WAS";23;3;3
"TB";18;"Tom Brady";"COMPLETE";-10.72924077;-1.505884949;2020;"TB";31;"WAS";23;3;3
"TB";18;"Tom Brady";"COMPLETE";7.813655194;14.17512467;2020;"TB";31;"WAS";23;3;3
"TB";18;"Tom Brady";"COMPLETE";-22.09002634;28.20006679;2020;"TB";31;"WAS";23;3;3
"TB";18;"Tom Brady";"COMPLETE";11.37996798;3.385445429;2020;"TB";31;"WAS";23;3;3
"TB";18;"Tom Brady";"COMPLETE";-18.20648957;11.09158379;2020;"TB";31;"WAS";23;3;3
"TB";18;"Tom Brady";"COMPLETE";-8.249050251;8.197041317;2020;"TB";31;"WAS";23;3;3
"TB";18;"Tom Brady";"COMPLETE";17.26348418;13.58563935;2020;"TB";31;"WAS";23;3;3
"TB";18;"Tom Brady";"COMPLETE";2.846276354;5.483390937;2020;"TB";31;"WAS";23;3;3
"TB";18;"Tom Brady";"COMPLETE";22.78471427;16.38273072;2020;"TB";31;"WAS";23;3;3
"TB";18;"Tom Brady";"COMPLETE";-2.10098314;6.503925035;2020;"TB";31;"WAS";23;3;3
"TB";18;"Tom Brady";"COMPLETE";7.486937854;6.036642049;2020;"TB";31;"WAS";23;3;3
"TB";18;"Tom Brady";"COMPLETE";15.61493132;16.85595116;2020;"TB";31;"WAS";23;3;3
"TB";18;"Tom Brady";"COMPLETE";-8.973833755;-3.316713483;2020;"TB";31;"WAS";23;3;3
"TB";18;"Tom Brady";"COMPLETE";20.01155838;21.87700362;2020;"TB";31;"WAS";23;3;3
"TB";18;"Tom Brady";"COMPLETE";-0.491330778;16.45765169;2020;"TB";31;"WAS";23;3;3
"TB";18;"Tom Brady";"COMPLETE";7.135561526;15.516631;2020;"TB";31;"WAS";23;3;3
"TB";18;"Tom Brady";"COMPLETE";-19.25498594;8.557315668;2020;"TB";31;"WAS";23;3;3
"TB";18;"Tom Brady";"TOUCHDOWN";9.68149436;0.10246139;2020;"TB";31;"WAS";23;4;4
"TB";18;"Tom Brady";"TOUCHDOWN";1.550239047;0.128130131;2020;"TB";31;"WAS";23;4;4
"TB";18;"Tom Brady";"INCOMPLETE";12.40180133;12.61746652;2020;"TB";31;"WAS";23;2;2
"TB";18;"Tom Brady";"INCOMPLETE";-9.075241012;12.24278846;2020;"TB";31;"WAS";23;2;2
"TB";18;"Tom Brady";"INCOMPLETE";-19.67291503;4.645670254;2020;"TB";31;"WAS";23;2;2
"TB";18;"Tom Brady";"INCOMPLETE";19.82640924;13.40972222;2020;"TB";31;"WAS";23;2;2
"TB";18;"Tom Brady";"INCOMPLETE";0.463344794;15.03480321;2020;"TB";31;"WAS";23;2;2
"TB";18;"Tom Brady";"INCOMPLETE";-21.2165671;22.87244898;2020;"TB";31;"WAS";23;2;2
"TB";18;"Tom Brady";"INCOMPLETE";13.45801872;5.204571429;2020;"TB";31;"WAS";23;2;2
"TB";18;"Tom Brady";"INCOMPLETE";-7.079940782;-0.676229508;2020;"TB";31;"WAS";23;2;2
"TB";18;"Tom Brady";"INCOMPLETE";-13.2803879;1.380952381;2020;"TB";31;"WAS";23;2;2
"TB";18;"Tom Brady";"INCOMPLETE";-26.19671441;18.20315126;2020;"TB";31;"WAS";23;2;2
"TB";18;"Tom Brady";"INCOMPLETE";17.4916996;0.666739257;2020;"TB";31;"WAS";23;2;2
"TB";18;"Tom Brady";"INCOMPLETE";6.117118046;9.064228111;2020;"TB";31;"WAS";23;2;2
"TB";18;"Tom Brady";"INCOMPLETE";-19.81818491;31.26600985;2020;"TB";31;"WAS";23;2;2
"TB";18;"Tom Brady";"INCOMPLETE";22.80050725;21.7027381;2020;"TB";31;"WAS";23;2;2
"TB";18;"Tom Brady";"INCOMPLETE";-1.049485818;11.76607143;2020;"TB";31;"WAS";23;2;2
"TB";18;"Tom Brady";"INCOMPLETE";11.66239505;12.6344494;2020;"TB";31;"WAS";23;2;2
"TB";18;"Tom Brady";"INCOMPLETE";-12.72582758;1.46648728;2020;"TB";31;"WAS";23;2;2
"TB";18;"Tom Brady";"INCOMPLETE";-19.11830189;4.738376011;2020;"TB";31;"WAS";23;2;2
"TB";3;"Tom Brady";"COMPLETE";-5.379912056;18.54396713;2020;"TB";28;"DEN";10;3;3
"TB";3;"Tom Brady";"COMPLETE";22.85114409;10.24594237;2020;"TB";28;"DEN";10;3;3
"TB";3;"Tom Brady";"COMPLETE";-24.98138827;3.904017857;2020;"TB";28;"DEN";10;3;3
"TB";3;"Tom Brady";"COMPLETE";10.30103746;6.840808347;2020;"TB";28;"DEN";10;3;3
"TB";3;"Tom Brady";"COMPLETE";7.425994412;43.87033826;2020;"TB";28;"DEN";10;3;3
"TB";3;"Tom Brady";"COMPLETE";-8.696865283;2.541560374;2020;"TB";28;"DEN";10;3;3
"TB";3;"Tom Brady";"COMPLETE";-17.26329931;4.690162907;2020;"TB";28;"DEN";10;3;3
"TB";3;"Tom Brady";"COMPLETE";3.851637082;5.332481279;2020;"TB";28;"DEN";10;3;3
"TB";3;"Tom Brady";"COMPLETE";24.30546142;26.20086977;2020;"TB";28;"DEN";10;3;3
"TB";3;"Tom Brady";"COMPLETE";18.2698821;2.470891556;2020;"TB";28;"DEN";10;3;3
"TB";3;"Tom Brady";"COMPLETE";-1.806640613;4.974538705;2020;"TB";28;"DEN";10;3;3
"TB";3;"Tom Brady";"COMPLETE";14.59099457;2.14391583;2020;"TB";28;"DEN";10;3;3
"TB";3;"Tom Brady";"COMPLETE";7.191176932;-1.221818048;2020;"TB";28;"DEN";10;3;3
"TB";3;"Tom Brady";"COMPLETE";-6.808302859;4.7976222;2020;"TB";28;"DEN";10;3;3
"TB";3;"Tom Brady";"COMPLETE";-20.83917329;8.936971966;2020;"TB";28;"DEN";10;3;3
"TB";3;"Tom Brady";"COMPLETE";-9.060872027;-3.262456797;2020;"TB";28;"DEN";10;3;3
"TB";3;"Tom Brady";"COMPLETE";13.15505205;1.5509757;2020;"TB";28;"DEN";10;3;3
"TB";3;"Tom Brady";"COMPLETE";21.7861796;5.391033835;2020;"TB";28;"DEN";10;3;3
"TB";3;"Tom Brady";"COMPLETE";6.334695925;6.167569486;2020;"TB";28;"DEN";10;3;3
"TB";3;"Tom Brady";"COMPLETE";22.13854936;27.16375458;2020;"TB";28;"DEN";10;3;3
"TB";3;"Tom Brady";"COMPLETE";-16.76266199;2.921875;2020;"TB";28;"DEN";10;3;3
"TB";3;"Tom Brady";"COMPLETE";-6.046950877;4.212916734;2020;"TB";28;"DEN";10;3;3
"TB";3;"Tom Brady";"TOUCHDOWN";-9.515479695;-0.101704133;2020;"TB";28;"DEN";10;4;4
"TB";3;"Tom Brady";"TOUCHDOWN";-1.589918031;0.15149653;2020;"TB";28;"DEN";10;4;4
"TB";3;"Tom Brady";"TOUCHDOWN";6.160619768;0.103714286;2020;"TB";28;"DEN";10;4;4
"TB";3;"Tom Brady";"INCOMPLETE";4.565087892;10.26920123;2020;"TB";28;"DEN";10;2;2
"TB";3;"Tom Brady";"INCOMPLETE";-22.10045661;13.99948686;2020;"TB";28;"DEN";10;2;2
"TB";3;"Tom Brady";"INCOMPLETE";-11.2887354;-4.160076531;2020;"TB";28;"DEN";10;2;2
"TB";3;"Tom Brady";"INCOMPLETE";15.8047166;7.153498043;2020;"TB";28;"DEN";10;2;2
"TB";3;"Tom Brady";"INCOMPLETE";-21.18514928;44.7093254;2020;"TB";28;"DEN";10;2;2
"TB";3;"Tom Brady";"INCOMPLETE";-3.624789757;20.99662162;2020;"TB";28;"DEN";10;2;2
"TB";3;"Tom Brady";"INCOMPLETE";20.26260157;31.43703818;2020;"TB";28;"DEN";10;2;2
"TB";3;"Tom Brady";"INCOMPLETE";1.754143667;4.299223602;2020;"TB";28;"DEN";10;2;2
"TB";3;"Tom Brady";"INCOMPLETE";-19.24887959;21.83451566;2020;"TB";28;"DEN";10;2;2
"TB";3;"Tom Brady";"INCOMPLETE";-12.41594313;2.656055901;2020;"TB";28;"DEN";10;2;2
"TB";3;"Tom Brady";"INCOMPLETE";-23.14017582;6.794360902;2020;"TB";28;"DEN";10;2;2
"TB";3;"Tom Brady";"INCOMPLETE";-11.86018269;-4.203848089;2020;"TB";28;"DEN";10;2;2
"TB";3;"Tom Brady";"INCOMPLETE";15.22058075;7.235787172;2020;"TB";28;"DEN";10;2;2
"TB";5;"Tom Brady";"COMPLETE";-20.80168083;10.79736188;2020;"TB";19;"CHI";20;3;3
"TB";5;"Tom Brady";"COMPLETE";3.634023641;1.82518889;2020;"TB";19;"CHI";20;3;3
"TB";5;"Tom Brady";"COMPLETE";-3.627547587;6.524033996;2020;"TB";19;"CHI";20;3;3
"TB";5;"Tom Brady";"COMPLETE";17.74313947;7.736192835;2020;"TB";19;"CHI";20;3;3
"TB";5;"Tom Brady";"COMPLETE";-11.78868573;11.22933807;2020;"TB";19;"CHI";20;3;3
"TB";5;"Tom Brady";"COMPLETE";11.88705386;-5.682129174;2020;"TB";19;"CHI";20;3;3
"TB";5;"Tom Brady";"COMPLETE";-17.02055451;0.408816964;2020;"TB";19;"CHI";20;3;3
"TB";5;"Tom Brady";"COMPLETE";0.232945249;6.184462445;2020;"TB";19;"CHI";20;3;3
"TB";5;"Tom Brady";"COMPLETE";9.527937883;15.51544118;2020;"TB";19;"CHI";20;3;3
"TB";5;"Tom Brady";"COMPLETE";-10.92487496;-0.059588299;2020;"TB";19;"CHI";20;3;3
"TB";5;"Tom Brady";"COMPLETE";-10.42048155;14.89665435;2020;"TB";19;"CHI";20;3;3
"TB";5;"Tom Brady";"COMPLETE";-13.77119226;12.8789916;2020;"TB";19;"CHI";20;3;3
"TB";5;"Tom Brady";"COMPLETE";-23.80023644;13.90437995;2020;"TB";19;"CHI";20;3;3
"TB";5;"Tom Brady";"COMPLETE";-19.85048725;2.685782967;2020;"TB";19;"CHI";20;3;3
"TB";5;"Tom Brady";"COMPLETE";9.003580076;-3.694061749;2020;"TB";19;"CHI";20;3;3
"TB";5;"Tom Brady";"COMPLETE";12.29426369;2.632815977;2020;"TB";19;"CHI";20;3;3
"TB";5;"Tom Brady";"COMPLETE";-4.333680819;1.882375;2020;"TB";19;"CHI";20;3;3
"TB";5;"Tom Brady";"COMPLETE";-14.69323302;18.09545867;2020;"TB";19;"CHI";20;3;3
"TB";5;"Tom Brady";"COMPLETE";19.32447025;4.731827622;2020;"TB";19;"CHI";20;3;3
"TB";5;"Tom Brady";"COMPLETE";-7.945397101;13.40704365;2020;"TB";19;"CHI";20;3;3
"TB";5;"Tom Brady";"COMPLETE";-0.334763673;5.456046076;2020;"TB";19;"CHI";20;3;3
"TB";5;"Tom Brady";"COMPLETE";-20.27019229;6.10169065;2020;"TB";19;"CHI";20;3;3
"TB";5;"Tom Brady";"COMPLETE";-4.261122682;6.333237327;2020;"TB";19;"CHI";20;3;3
"TB";5;"Tom Brady";"COMPLETE";-0.77724117;3.727126236;2020;"TB";19;"CHI";20;3;3
"TB";5;"Tom Brady";"TOUCHDOWN";5.775335786;0.114835165;2020;"TB";19;"CHI";20;4;4
"TB";5;"Tom Brady";"INCOMPLETE";3.295358366;4.910714286;2020;"TB";19;"CHI";20;2;2
"TB";5;"Tom Brady";"INCOMPLETE";-7.716635066;21.54639175;2020;"TB";19;"CHI";20;2;2
"TB";5;"Tom Brady";"INCOMPLETE";-25.38910398;26.28557256;2020;"TB";19;"CHI";20;2;2
"TB";5;"Tom Brady";"INCOMPLETE";23.93303095;16.33707983;2020;"TB";19;"CHI";20;2;2
"TB";5;"Tom Brady";"INCOMPLETE";-15.16697801;5.178495116;2020;"TB";19;"CHI";20;2;2
"TB";5;"Tom Brady";"INCOMPLETE";-23.59769689;5.793707483;2020;"TB";19;"CHI";20;2;2
"TB";5;"Tom Brady";"INCOMPLETE";0.965318086;34.53664435;2020;"TB";19;"CHI";20;2;2
"TB";5;"Tom Brady";"INCOMPLETE";-21.66262882;46.00575397;2020;"TB";19;"CHI";20;2;2
"TB";5;"Tom Brady";"INCOMPLETE";-2.985422349;15.50441729;2020;"TB";19;"CHI";20;2;2
"TB";5;"Tom Brady";"INCOMPLETE";-12.81689531;13.95159774;2020;"TB";19;"CHI";20;2;2
"TB";5;"Tom Brady";"INCOMPLETE";1.063277259;7.672646862;2020;"TB";19;"CHI";20;2;2
"TB";5;"Tom Brady";"INCOMPLETE";3.318582304;12.09172932;2020;"TB";19;"CHI";20;2;2
"TB";5;"Tom Brady";"INCOMPLETE";-4.749461594;22.84709821;2020;"TB";19;"CHI";20;2;2
"TB";5;"Tom Brady";"INCOMPLETE";2.688281686;3.382142857;2020;"TB";19;"CHI";20;2;2
"TB";5;"Tom Brady";"INCOMPLETE";-8.36386646;21.14089482;2020;"TB";19;"CHI";20;2;2
"TB";5;"Tom Brady";"INCOMPLETE";2.102372897;3.031096059;2020;"TB";19;"CHI";20;2;2
"TB";7;"Tom Brady";"COMPLETE";-23.10471219;19.24981346;2020;"TB";45;"OAK";20;3;3
"TB";7;"Tom Brady";"COMPLETE";3.497212284;3.276217694;2020;"TB";45;"OAK";20;3;3
"TB";7;"Tom Brady";"COMPLETE";-15.9147199;-0.956907943;2020;"TB";45;"OAK";20;3;3
"TB";7;"Tom Brady";"COMPLETE";12.89341435;11.6822619;2020;"TB";45;"OAK";20;3;3
"TB";7;"Tom Brady";"COMPLETE";-5.368483879;14.91193836;2020;"TB";45;"OAK";20;3;3
"TB";7;"Tom Brady";"COMPLETE";21.50446138;8.402889246;2020;"TB";45;"OAK";20;3;3
"TB";7;"Tom Brady";"COMPLETE";17.44590104;26.55641609;2020;"TB";45;"OAK";20;3;3
"TB";7;"Tom Brady";"COMPLETE";-8.602917619;18.41746746;2020;"TB";45;"OAK";20;3;3
"TB";7;"Tom Brady";"COMPLETE";-12.47672245;-1.224127435;2020;"TB";45;"OAK";20;3;3
"TB";7;"Tom Brady";"COMPLETE";11.97202289;1.253652597;2020;"TB";45;"OAK";20;3;3
"TB";7;"Tom Brady";"COMPLETE";-19.4108551;-0.176229986;2020;"TB";45;"OAK";20;3;3
"TB";7;"Tom Brady";"COMPLETE";12.40715789;23.93951005;2020;"TB";45;"OAK";20;3;3
"TB";7;"Tom Brady";"COMPLETE";-9.020111357;-4.351802064;2020;"TB";45;"OAK";20;3;3
"TB";7;"Tom Brady";"COMPLETE";-21.10548877;8.641412815;2020;"TB";45;"OAK";20;3;3
"TB";7;"Tom Brady";"COMPLETE";7.792282524;4.994599118;2020;"TB";45;"OAK";20;3;3
"TB";7;"Tom Brady";"COMPLETE";-3.256207833;5.410820263;2020;"TB";45;"OAK";20;3;3
"TB";7;"Tom Brady";"COMPLETE";-17.64602244;2.577682593;2020;"TB";45;"OAK";20;3;3
"TB";7;"Tom Brady";"COMPLETE";2.92276466;11.8966236;2020;"TB";45;"OAK";20;3;3
"TB";7;"Tom Brady";"COMPLETE";-11.03507679;15.69953105;2020;"TB";45;"OAK";20;3;3
"TB";7;"Tom Brady";"COMPLETE";14.55868321;4.321118421;2020;"TB";45;"OAK";20;3;3
"TB";7;"Tom Brady";"COMPLETE";19.08545785;6.217544454;2020;"TB";45;"OAK";20;3;3
"TB";7;"Tom Brady";"COMPLETE";2.00906686;5.227624349;2020;"TB";45;"OAK";20;3;3
"TB";7;"Tom Brady";"COMPLETE";-17.10609666;-2.928115699;2020;"TB";45;"OAK";20;3;3
"TB";7;"Tom Brady";"COMPLETE";5.417746825;4.722867545;2020;"TB";45;"OAK";20;3;3
"TB";7;"Tom Brady";"COMPLETE";13.56166119;1.902644949;2020;"TB";45;"OAK";20;3;3
"TB";7;"Tom Brady";"COMPLETE";4.748568162;4.582751124;2020;"TB";45;"OAK";20;3;3
"TB";7;"Tom Brady";"COMPLETE";-13.74618873;-0.366525097;2020;"TB";45;"OAK";20;3;3
"TB";7;"Tom Brady";"COMPLETE";-20.51052166;8.616110333;2020;"TB";45;"OAK";20;3;3
"TB";7;"Tom Brady";"COMPLETE";-17.00954771;2.826430382;2020;"TB";45;"OAK";20;3;3
"TB";7;"Tom Brady";"TOUCHDOWN";-0.392989186;0.142032967;2020;"TB";45;"OAK";20;4;4
"TB";7;"Tom Brady";"TOUCHDOWN";-6.576193517;0.139429209;2020;"TB";45;"OAK";20;4;4
"TB";7;"Tom Brady";"TOUCHDOWN";7.496437961;0.098214286;2020;"TB";45;"OAK";20;4;4
"TB";7;"Tom Brady";"TOUCHDOWN";4.659129076;0.098214286;2020;"TB";45;"OAK";20;4;4
"TB";7;"Tom Brady";"INCOMPLETE";-6.474042334;29.88815789;2020;"TB";45;"OAK";20;2;2
"TB";7;"Tom Brady";"INCOMPLETE";22.87072127;21.48402918;2020;"TB";45;"OAK";20;2;2
"TB";7;"Tom Brady";"INCOMPLETE";-13.56095972;-2.341255252;2020;"TB";45;"OAK";20;2;2
"TB";7;"Tom Brady";"INCOMPLETE";9.386753809;5.777014652;2020;"TB";45;"OAK";20;2;2
"TB";7;"Tom Brady";"INCOMPLETE";-25.38573924;8.840730042;2020;"TB";45;"OAK";20;2;2
"TB";7;"Tom Brady";"INCOMPLETE";-17.43032062;19.46125337;2020;"TB";45;"OAK";20;2;2
"TB";7;"Tom Brady";"INCOMPLETE";18.68206211;42.07079082;2020;"TB";45;"OAK";20;2;2
"TB";7;"Tom Brady";"INCOMPLETE";19.3933128;21.18427579;2020;"TB";45;"OAK";20;2;2
"TB";7;"Tom Brady";"INCOMPLETE";8.840167192;5.824534161;2020;"TB";45;"OAK";20;2;2
"TB";7;"Tom Brady";"INCOMPLETE";-13.04014272;-2.378493789;2020;"TB";45;"OAK";20;2;2
"TB";7;"Tom Brady";"INCOMPLETE";-18.02325811;19.32015306;2020;"TB";45;"OAK";20;2;2
"TB";7;"Tom Brady";"INCOMPLETE";-25.90648096;8.6839701;2020;"TB";45;"OAK";20;2;2
